<?xml version="1.0" encoding="UTF-8" standalone="no"?>
<oneoff_inventory>
    <opack_version version="14.1.0.1.12"/>
    <patch_description>One-off</patch_description>
    <patch_id number="31225296"/>
    <minimum_opatch_version>13.9.4.0.0</minimum_opatch_version>
    <unique_patch_id>23546745</unique_patch_id>
    <cannot_autorollback>false</cannot_autorollback>
    <not_rollbackable>false</not_rollbackable>
    <date_of_patch day="4" month="May" time="22:40:46 hrs" year="2020" zone="PST8PDT"/>
    <base_bugs>
        <bug description="FADS DEPLOYMENT IS FAILING WHEN USING DBAS LONG CONNECT STRING IN TNSNAMES.ORA FILE" number="31225296"/>
    </base_bugs>
    <required_components>
        <component internal_name="oracle.developer.forms.runtime" opt_req="O" version="12.2.1.4.0"/>
    </required_components>
    <os_platforms>
        <platform id="0" name="Generic Platform 1"/>
    </os_platforms>
    <executables/>
    <instance_shutdown>true</instance_shutdown>
    <instance_shutdown_message/>
    <online_rac_installable>false</online_rac_installable>
    <run_as_root>false</run_as_root>
    <sql_migrate>false</sql_migrate>
    <wls_prereq_oneoffs/>
    <prereq_oneoffs/>
    <overlay_oneoffs/>
    <patch_type value="singleton"/>
    <patch_language value="en"/>
    <product_family value="fmw"/>
    <patching_model value="one-off"/>
    <auto>false</auto>
    <translatable>false</translatable>
    <application_dirs/>
    <patch_characteristics>
        <content_type value="generic"/>
    </patch_characteristics>
</oneoff_inventory>
