<!-- This file contain patch Metadata -->
<results md5_sum="faf233ca08db333f198c113492f48855">
  <generated_date in_epoch_ms="1579697138000">2020-01-22 12:45:38</generated_date>
  <patch has_prereqs="n" has_postreqs="n" is_system_patch="n"> 
    <bug> 
      <number>30613424</number>
      <abstract><![CDATA[EM login page shows a blank screen in a certain FMW configuration scenarios]]></abstract>
    </bug> 
    <name>30613424</name>
    <type>Patch</type>
    <status>Available</status>
    <access id="">Open access</access> 
    <url> 
      <patch_readme host="https://updates.oracle.com"><![CDATA[/Orion/Services/download?type=readme&aru=23336458]]></patch_readme> 
      <patch_details><![CDATA[/download/30613424.html]]></patch_details>
    </url> 
    <request_id>23336458</request_id>
    <product id="12385" bugdb_id="1369"><![CDATA[Enterprise Manager for Fusion Middleware]]></product> 
    <release id="600000000106793" name="12.2.1.4.0" platform_patch_not_required="Y" cc="N"><![CDATA[Enterprise Manager for Fusion Middleware 12.2.1.4.0]]></release> 
    <platform id="2000" bugdb_id="289"><![CDATA[Generic Platform]]></platform> 
    <language id="0" iso_code="EN"><![CDATA[American English]]></language> 
    <translations_available>No</translations_available> 
    <classification id="170">Open</classification> 
    <patch_classification id="170">Open</patch_classification> 
    <support_level id="G">General Support</support_level> 
    <entitlements> 
      <entitlement code="SW"/> 
    </entitlements> 
    <fixes_bugs truncated="no"> 
      <bug> 
        <number>30613424</number>
        <abstract><![CDATA[EM login page shows a blank screen in a certain FMW configuration scenarios]]></abstract>
      </bug> 
    </fixes_bugs> 
    <size>22848</size>
    <files> 
      <file> 
        <name>p30613424_122140_Generic.zip</name>
        <size>22848</size>
        <download_url host="https://updates.oracle.com"><![CDATA[/Orion/Services/download/p30613424_122140_Generic.zip?aru=23336458&patch_file=p30613424_122140_Generic.zip]]></download_url> 
        <digest type="SHA-256">5C6F1E2B4DF5993C27DEFE1AD0290B328471FB1B759CF9B16F567FDF9F50A1A4</digest> 
        <digest type="SHA-1">B7452ED9DD46627487226680EEE9EFF476BE7B42</digest> 
      </file> 
    </files> 
    <downloads_count>0</downloads_count>
    <updated_date in_epoch_ms="1579697104000">2020-01-22 12:45:04</updated_date> 
    <released_date in_epoch_ms="0"></released_date> 
  </patch> 
</results>
